Product URL,name,brand name,price
https://www.ajio.com/18india-women-embroidered-straight-kurta-pants-set-with-dupatta/p/700147861_cream,Women Embroidered Straight Kurta Pants Set with Dupatta,18INDIA,1511
https://www.ajio.com/bani-women-printed-v-neck-fit--flare-dress/p/465977185_blue,Printed V-Neck Fit & Flare Dress,BANI WOMEN,840
https://www.ajio.com/columbia-women-typographic-print-regular-fit-round-neck-top/p/466948109_orange,Women Typographic Print Regular Fit Round-Neck Top,Columbia,1234
https://www.ajio.com/glam-roots-women-printed-flared-kurta-with-3-4th-sleeves/p/467331079_green,Women Printed Flared Kurta with 3/4th Sleeves,GLAM ROOTS,860
https://www.ajio.com/hetvi-creation-women-round-neck-straight-kurta-set/p/700156618_maroon,Women Round-Neck Straight Kurta Set,Hetvi Creation,874
https://www.ajio.com/fery-london-women-graphic-print-regular-fit-sweatshirt/p/467062693_beige,Women Graphic Print Regular Fit Sweatshirt,Fery London,520
https://www.ajio.com/havishe-club-women-embroidered-anarkali-kurta-with-pants--dupatta/p/466887272_cream,Women Embroidered Anarkali Kurta with Pants & Dupatta,HAVISHE CLUB,1462
https://www.ajio.com/japnaam-women-embroidered-straight-kurta-set/p/700097860_wine,Women Embroidered Straight Kurta Set,Japnaam,1485
https://www.ajio.com/pink-fort-stripes-top/p/466115903_pink,Stripes Top,PINK FORT,1164
https://www.ajio.com/hetvi-creation-women-floral-straight-kurta-pants-set-with-dupatta/p/700158013_teal,Women Floral Straight Kurta Pants Set with Dupatta,Hetvi Creation,874
https://www.ajio.com/saabhi-bandhani-print-anarkali-kurta-with-pants--dupatta/p/466593600_purple,Bandhani Print Anarkali Kurta with Pants & Dupatta,SAABHI,1272
https://www.ajio.com/fig-women-regular-fit-crinkled-shirt/p/443039633_beige,Women Regular Fit Crinkled Shirt,Fig,699
https://www.ajio.com/fashion-booms-flat-front-straight-fit-trousers/p/466373610_black,Flat-Front Straight Fit Trousers,FASHION BOOMS,360
https://www.ajio.com/femvy-v-neck-tiered-dress-with-smocked-waist/p/466287651_black,V-Neck Tiered Dress with Smocked Waist,FEMVY,499
https://www.ajio.com/limdo-women-floral-print-flared-kurta-set-with-dupatta/p/466874408_black,Women Floral Print Flared Kurta Set with Dupatta,Limdo,800
https://www.ajio.com/estela-women-floral-print-straight-kurta-set/p/467344959_multi,Women Floral Print Straight Kurta Set,ESTELA,780
https://www.ajio.com/avaasa-mix-n-match-ankle-length-leggings-with-elasticated-waist/p/441020957_beige,Ankle-Length Leggings with Elasticated Waist,AVAASA MIX N' MATCH,299
https://www.ajio.com/zeepkart-women-straight-kurta-with-pants--floral-print-dupatta/p/467285928_brown,Women Straight Kurta with Pants & Floral Print Dupatta,ZEEPKART,1485
https://www.ajio.com/canibani-embroidered-straight-kurta-set/p/467183999_purple,Embroidered Straight Kurta Set,CaniBani,1470
https://www.ajio.com/pink-fort-women-printed-straight-kurta-set-/p/466732783_red,Women Printed Straight Kurta Set ,PINK FORT,3057
https://www.ajio.com/gulmohar-jaipur-women-floral-print-angrakha-kurta/p/466742043_yellow,Women Floral Print Angrakha Kurta,GULMOHAR JAIPUR,740
https://www.ajio.com/black-scissor-women-embroidered-straight-kurta-suit-set/p/467270148_white,Women Embroidered Straight Kurta Suit Set,BLACK SCISSOR,8179
https://www.ajio.com/mizaz-women-floral-print-flared-kurta-suit-set/p/700114043_cream,Women Floral Print Flared Kurta Suit Set,Mizaz,1190
https://www.ajio.com/fery-london-women-striped-regular-fit-top/p/466799276_red,Women Striped Regular Fit Top,Fery London,400
https://www.ajio.com/visit-wear-women-flat-front-loose-trousers/p/467018963_brown,Women Flat-Front Loose Trousers,VISIT WEAR,375
https://www.ajio.com/pink-fort-printed-straight-kurta-set/p/466454527_black,Printed Straight Kurta Set,PINK FORT,2474
https://www.ajio.com/kimayra-printed-flared-kurta/p/466165120_wine,Printed Flared Kurta,Kimayra,832
https://www.ajio.com/kiana-house-of-fashion-printed-straight-kurta-with-pants--dupatta-/p/466386983_wine,Printed Straight Kurta with Pants & Dupatta ,Kiana House Of Fashion,675
https://www.ajio.com/wuxi-mid-rise-trousers-with-elasticated-waist/p/467078020_black,Mid-Rise Trousers with Elasticated Waist,WUXI,360
https://www.ajio.com/chandaliyo-women-embroidered-straight-kurta-set/p/700024209_pink,Women Embroidered Straight Kurta Set,Chandaliyo,1554
https://www.ajio.com/avaasa-mix-n-match-churidar-leggings-with-elasticated-waistband/p/440535772_white,Churidar Leggings with Elasticated Waistband,AVAASA MIX N' MATCH,299
https://www.ajio.com/columbia-women-regular-fit-zip-front-bomber-jacket/p/466325529_purple,Women Regular Fit Zip-Front Bomber Jacket,Columbia,8999
https://www.ajio.com/color-capital-women-relaxed-fit-v-neck-t-shirt/p/467195332_black,Women Relaxed Fit V-Neck T-Shirt,COLOR CAPITAL,392
https://www.ajio.com/youthnic-women-embellished-straight-kurta-set-with-dupatta/p/466905084_black,Women Embellished Straight Kurta Set with Dupatta,YOUTHNIC,776
https://www.ajio.com/rare-floral-print-tiered-dress/p/465790742_black,Floral Print Tiered Dress,Rare,910
https://www.ajio.com/max-women-regular-fit-crew-neck-t-shirt-/p/466730550_black,Women Regular Fit Crew-Neck T-Shirt ,MAX,199
https://www.ajio.com/ethnic-3-u-floral-print-a-line-kurta-set/p/466895842_purple,Floral Print A-Line Kurta Set,Ethnic 3 U,728
https://www.ajio.com/fable-street-livin-ankle-length-relaxed-fit-culottes/p/462044801_black,LivIn Ankle Length Relaxed Fit Culottes,Fable Street,1967
https://www.ajio.com/zeepkart-embroidered-straight-kurta-set/p/467350313_blue,Embroidered Straight Kurta Set,ZEEPKART,1270
https://www.ajio.com/taranjal-women-paisley-print-anarkali-kurta-set/p/700103289_aqua,Women Paisley Print Anarkali Kurta Set,TARANJAL,800
https://www.ajio.com/leriya-fashion-women-abstract-print-regular-fit-top/p/700043197_green,Women Abstract Print Regular Fit Top,LERIYA FASHION,600
https://www.ajio.com/hetvi-creation-women-printed-straight-kurta-with-pants--dupatta/p/700158013_pink,Women Printed Straight Kurta with Pants & Dupatta,Hetvi Creation,874
https://www.ajio.com/fig-knitted-round-neck-pullover/p/443013201_ltpink,Knitted Round-Neck Pullover,Fig,300
https://www.ajio.com/global-republic-women-ruched-regular-fit-top/p/467334432_pink,Women Ruched Regular Fit Top,GLOBAL REPUBLIC,759
https://www.ajio.com/fig-knitted-round-neck-pullover/p/443013201_ltpink,Knitted Round-Neck Pullover,Fig,300
https://www.ajio.com/hritika-women-striped-straight-kurta-set/p/466751692_maroon,Women Striped Straight Kurta Set,Hritika,632
https://www.ajio.com/ichaa-floral-print-top--pyjamas-set/p/466501998_green,Floral Print Top & Pyjamas Set,ICHAA,537
https://www.ajio.com/house-of-mira-women-schiffli-embroidered-regular-fit-top/p/700180538_peach,Women Schiffli Embroidered Regular Fit Top,House Of Mira,468
https://www.ajio.com/santopera-desinger-women-leaf-print-straight-kurta-set/p/700112273_multi,Women Leaf Print Straight Kurta Set,SANTOPERA DESINGER,540
https://www.ajio.com/columbia-women-on-the-go-joggers/p/466393764_brown,Women On The Go Joggers,Columbia,4749
https://www.ajio.com/stylum-floral-print-a-line-kurta/p/464342145_blue,Floral Print A-line Kurta,STYLUM,640
https://www.ajio.com/canibani-women-printed-gown-dress/p/700071145_blue,Women Printed Gown Dress,CaniBani,856
https://www.ajio.com/femvy-v-neck-tiered-dress-with-smocked-waist/p/466287651_teal,V-Neck Tiered Dress with Smocked Waist,FEMVY,499
https://www.ajio.com/amira-s-indian-ethnic-wear-embroidered-straight-kurta-with-collar-neck/p/466234317_pink,Embroidered Straight Kurta with Collar Neck,Amira's Indian Ethnic Wear,540
https://www.ajio.com/silverfly-pleat-front-pants-with-elasticated-waist/p/465986258_black,Pleat-Front Pants with Elasticated Waist,Silverfly,341
https://www.ajio.com/fable-street-women-high-rise-tapered-fit-trousers/p/467077429_black,Women High-Rise Tapered Fit Trousers,Fable Street,2186
https://www.ajio.com/w-round-neck-straight-kurta-with-placement-floral-print/p/441098726_pink,Round-Neck Straight Kurta with Placement Floral Print,W,710
https://www.ajio.com/silverfly-high-rise-stretch-pants/p/465581718_black,High-Rise Stretch Pants,Silverfly,340
https://www.ajio.com/berrylicious-women-printed-straight-kurta-with-pants--dupatta-set/p/467030701_pink,Women Printed Straight Kurta with Pants & Dupatta Set,BERRYLICIOUS,750
https://www.ajio.com/berrylicious-women-embroidered-straight-kurta-suit-set/p/700157749_blue,Women Embroidered Straight Kurta Suit Set,BERRYLICIOUS,936
https://www.ajio.com/kvs-fab-women-embroidered-flared-kurta-suit-set/p/467277252_orange,Women Embroidered Flared Kurta Suit Set,KVS FAB,1885
https://www.ajio.com/columbia-women-w-outdoor-tracks-full-zip-fleece-jacket/p/466325594_grey,Women W Outdoor Tracks Full Zip Fleece Jacket,Columbia,4799
https://www.ajio.com/house-of-mira-women-schiffli-embroidered-regular-fit-top/p/700180538_yellow,Women Schiffli Embroidered Regular Fit Top,House Of Mira,468
https://www.ajio.com/sheetal-associates-round-neck-top-with-trousers-set/p/466295534_black,Round-Neck Top with Trousers Set,SHEETAL ASSOCIATES,520
https://www.ajio.com/tikhi-imli-women-embroidered-tunic-with-pants-set/p/467135760_brown,Women Embroidered Tunic with Pants Set,TIKHI IMLI,1375
https://www.ajio.com/nyrika-women-floral-print-straight-kurta-set/p/700167341_navy,Women Floral Print Straight Kurta Set,Nyrika,749
https://www.ajio.com/v-s-creation-women-printed-anarkali-kurta-set/p/467348642_white,Women Printed Anarkali Kurta Set,V S CREATION,1199
https://www.ajio.com/columbia-women-typographic-print-regular-fit-round-neck-top/p/466948109_green,Women Typographic Print Regular Fit Round-Neck Top,Columbia,1234
https://www.ajio.com/kotty-heavily-washed-straight-fit-jeans/p/466591062_blue,Heavily Washed Straight Fit Jeans,KOTTY,560
https://www.ajio.com/amira-s-indian-ethnic-wear-women-floral-print-straight-kurta/p/467153102_pink,Women Floral Print Straight Kurta,Amira's Indian Ethnic Wear,667
https://www.ajio.com/mimi-design-women-embroidered-straight-kurta-set/p/700124994_orange,Women Embroidered Straight Kurta Set,MIMI DESIGN,1331
https://www.ajio.com/silverfly-women-relaxed-fit-pants-with-elasticated-waist/p/467019348_wine,Women Relaxed Fit Pants with Elasticated Waist,Silverfly,360
https://www.ajio.com/leriya-fashion-women-printed-shirt-dress/p/467312071_orange,Women Printed Shirt Dress,LERIYA FASHION,690
https://www.ajio.com/pink-fort-knee-length-flared-kurta-/p/464117924_white,Knee-Length Flared Kurta ,PINK FORT,1882
https://www.ajio.com/popnetic-women-relaxed-fit-flat-front-cargo-pants/p/467084915_taupe,Women Relaxed Fit Flat-Front Cargo Pants,Popnetic,700
https://www.ajio.com/gulmohar-jaipur-women-floral-print-v-neck-fit--flare-dress/p/467263002_pink,Women Floral Print V-Neck Fit & Flare Dress,GULMOHAR JAIPUR,722
https://www.ajio.com/fig-women-regular-fit-flat-front-trousers/p/443050530_stone,Women Regular Fit Flat-Front Trousers,Fig,999
https://www.ajio.com/lymi-label-women-embroidered-shrug-with-choli--skirt-co-ord-set/p/467256107_purple,Women Embroidered Shrug with Choli & Skirt Co-Ord Set,LYMI LABEL,1872
https://www.ajio.com/avaasa-mix-n-match-ankle-length-leggings-with-elasticated-waist/p/441020957_magntafusha,Ankle-Length Leggings with Elasticated Waist,AVAASA MIX N' MATCH,299
https://www.ajio.com/limdo-women-floral-print-flared-kurta-set-with-dupatta/p/466874408_olive,Women Floral Print Flared Kurta Set with Dupatta,Limdo,800
https://www.ajio.com/linoges-women-high-rise-wide-jeans/p/467311693_blue,Women High Rise Wide Jeans,Linoges,857
https://www.ajio.com/kiana-house-of-fashion-women-floral-print-straight-kurta-suit-set/p/467056459_blue,Women Floral Print Straight Kurta Suit Set,Kiana House Of Fashion,758
https://www.ajio.com/gulmohar-jaipur-women-floral-print-fit--flare-dress-with-dupatta/p/467282230_green,Women Floral Print Fit & Flare Dress with Dupatta,GULMOHAR JAIPUR,810
https://www.ajio.com/nishabd-women-floral-print-flared-kurta-set/p/466721791_blue,Women Floral Print Flared Kurta Set,NISHABD,1209
https://www.ajio.com/pink-fort-women-printed-relaxed-fit-top/p/467052940_purple,Women Printed Relaxed Fit Top,PINK FORT,1277
https://www.ajio.com/teamspirit-women-striped-boxy-fit-top/p/443048606_blackcharcoal,Women Striped Boxy Fit Top,Teamspirit,499
https://www.ajio.com/gopalvilla-tummy-shaper-with-elasticated-waist/p/466636264_beige,Tummy Shaper with Elasticated Waist,Gopalvilla,275
https://www.ajio.com/black-scissor-paisley-print-fit--flare-dress/p/466485728_black,Paisley Print Fit & Flare Dress,BLACK SCISSOR,850
https://www.ajio.com/bn--being-naughty-spread-collar-shirt-with-full-sleeves/p/467058610_red,Spread Collar Shirt with Full Sleeves,BN - BEING NAUGHTY,575
https://www.ajio.com/paralians-women-colourblock-wide-leg-flat-front-trousers/p/466857660_black,Women Colourblock Wide Leg Flat-Front Trousers,Paralians,370
https://www.ajio.com/columbia-women-silver-falls-full-zip-jacket/p/466325529_blue,Women Silver Falls Full-Zip Jacket,Columbia,8999
https://www.ajio.com/piyuti-women-straight-kurta-with-pants--floral-print-dupatta/p/467168881_pink,Women Straight Kurta with Pants & Floral Print Dupatta,Piyuti,1071
https://www.ajio.com/winered-women-embroidered-straight-kurta-set/p/466805931_beige,Women Embroidered Straight Kurta Set,WINERED,1400
https://www.ajio.com/teamspirit-women-straight-track-pants-with-side-piping/p/441113091_jetblack,Women Straight Track Pants with Side Piping,Teamspirit,399
https://www.ajio.com/sheetal-associates-women-printed-fit--flare-dress-/p/700052012_brown,Women Printed Fit & Flare Dress ,SHEETAL ASSOCIATES,432
https://www.ajio.com/vredevogel-women-embroidered-straight-kurta-set/p/467069647_green,Women Embroidered Straight Kurta Set,VREDEVOGEL,1000
https://www.ajio.com/pink-fort-women-striped-v-neck-gown-dress/p/467053425_orange,Women Striped V-Neck Gown Dress,PINK FORT,2012
https://www.ajio.com/teamspirit-camisole-with-adjustable-shoulder-straps/p/443003907_jetblack,Camisole with Adjustable Shoulder Straps,Teamspirit,212
https://www.ajio.com/silverfly-women-relaxed-fit-pants-with-elasticated-waist/p/467019348_white,Women Relaxed Fit Pants with Elasticated Waist,Silverfly,360
https://www.ajio.com/zivame-solid-stick-on-bra/p/700149175_nude,Solid Stick-On Bra,Zivame,125
https://www.ajio.com/ichaa-women-floral-print-top--pyjamas-set/p/467052088_purple,Women Floral Print Top & Pyjamas Set,ICHAA,557
https://www.ajio.com/ichaa-women-floral-print-top--pyjamas-set/p/700157359_blue,Women Floral Print Top & Pyjamas Set,ICHAA,529
https://www.ajio.com/columbia-women-printed-regular-fit-top/p/466981051_blue,Women Printed Regular Fit Top,Columbia,2399
https://www.ajio.com/zastraa-slim-fit-trousers-with-slip-pockets/p/466447200_beige,Slim Fit Trousers with Slip Pockets,Zastraa,832
https://www.ajio.com/anandita-women-floral-print-regular-fit-top-/p/700038442_green,Women Floral Print Regular Fit Top ,ANANDITA,525
https://www.ajio.com/popwings-women-printed-a-line-dress-with-tie-up/p/467345648_white,Women Printed A-line Dress with Tie-Up,POPWINGS,400
https://www.ajio.com/stava-creation-women-indian-flag-saree-with-unstitched-blouse-piece/p/466947472_white,Women Indian Flag Saree with Unstitched Blouse Piece,Stava Creation,460
https://www.ajio.com/wedani-women-floral-print-flared-kurta-suit-set/p/466888235_pink,Women Floral Print Flared Kurta Suit Set,Wedani,850
https://www.ajio.com/fable-street-pencil-skirt-with-elasticated-waist/p/461942240_black,Pencil Skirt with Elasticated Waist,Fable Street,1456
https://www.ajio.com/zivame-women-non-wired-t-shirt-bra/p/467298710_pink,Women Non-Wired T-Shirt Bra,Zivame,180
https://www.ajio.com/wedani-women-striped-anarkali-kurta-suit-set/p/466986619_multi,Women Striped Anarkali Kurta Suit Set,Wedani,720
https://www.ajio.com/laabha-women-typographic-print-regular-fit-t-shirt-with-track-pants/p/467256832_black,Women Typographic Print Regular Fit T-Shirt with Track Pants,LAABHA,840
https://www.ajio.com/nifty-women-washed-flared-jeans/p/466752263_blue,Women Washed Flared Jeans,NIFTY,900
https://www.ajio.com/glam-roots-floral-print-straight-kurta-set-with-dupatta/p/464238222_grey,Floral Print Straight Kurta Set with Dupatta,GLAM ROOTS,875
https://www.ajio.com/deckedup-women-floral-print-fit--flare-dress/p/466773906_brown,Women Floral Print Fit & Flare Dress,DECKEDUP,690
https://www.ajio.com/leriya-fashion-women-printed-a-line-dress/p/467312071_green,Women Printed A-Line Dress,LERIYA FASHION,690
https://www.ajio.com/hellcat-women-graphic-print-oversized-crew-neck-t-shirt/p/467267930_beige,Women Graphic Print Oversized Crew-Neck T-Shirt,Hellcat,399
https://www.ajio.com/popwings-women-printed-relaxed-fit-shrug/p/466865651_black,Women Printed Relaxed Fit Shrug,POPWINGS,400
https://www.ajio.com/femvy-women-chevron-fit--flare-dress/p/467215601_blue,Women Chevron Fit & Flare Dress,FEMVY,499
https://www.ajio.com/pink-fort-striped-straight-kurta-set/p/466336214_yellow,Striped Straight Kurta Set,PINK FORT,3189
https://www.ajio.com/black-scissor-leheriya-print-flared-kurta-set/p/700109705_red,Leheriya Print Flared Kurta Set,BLACK SCISSOR,1364
https://www.ajio.com/jkanji-women-embroidered-straight-kurta-set/p/466713215_purple,Women Embroidered Straight Kurta Set,Jkanji,860
https://www.ajio.com/maai-we-complete-you-floral-print-round-neck-straight-kurta/p/466641433_pink,Floral Print Round-Neck Straight Kurta,MAAI WE COMPLETE YOU,473
https://www.ajio.com/avaasa-mix-n-match-stretch-churidar-leggings/p/440535772_black,Stretch Churidar Leggings,AVAASA MIX N' MATCH,299
https://www.ajio.com/dollar-lehar-pack-of-6-women-hipster-panties/p/466965356_multi,Pack of 6 Women Hipster Panties,DOLLAR LEHAR,362
https://www.ajio.com/fable-street-livin-ankle-length-relaxed-fit-culottes/p/462044693_navy,LivIn Ankle Length Relaxed Fit Culottes,Fable Street,2021
https://www.ajio.com/shaily-stripes-straight-kurta/p/467229217_violet,Stripes Straight Kurta,SHAILY,339
https://www.ajio.com/svaraa-women-a-line-dress-with-short-sleeves/p/467095422_beige,Women A-Line Dress with Short Sleeves,SVARAA,650
https://www.ajio.com/avaasa-mix-n-match-ankle-length-leggings-with-elasticated-waist/p/441020957_offwhite,Ankle-Length Leggings with Elasticated Waist,AVAASA MIX N' MATCH,299
https://www.ajio.com/dnmx-women-mid-wash-distressed-relaxed-fit-jeans/p/443043000_mediumblue,Women Mid-Wash Distressed Relaxed Fit Jeans,DNMX,999
https://www.ajio.com/lee-cooper-women-striped-fitted-top/p/443040433_pink,Women Striped Fitted Top,LEE COOPER,1499
https://www.ajio.com/global-republic-women-printed-fit--flare-dress/p/467097470_blue,Women Printed Fit & Flare Dress,GLOBAL REPUBLIC,810
https://www.ajio.com/berrylicious-printed-straight-kurta-set/p/466915872_green,Printed Straight Kurta Set,BERRYLICIOUS,651
https://www.ajio.com/santopera-desinger-women-embroidered-straight-kurta-set-with-dupatta/p/467085788_blue,Women Embroidered Straight Kurta Set with Dupatta,SANTOPERA DESINGER,560
https://www.ajio.com/zivame-padded-wired-3-4th-coverage-strapless-bra/p/466434730_purple,Padded Wired 3/4th Coverage Strapless Bra,Zivame,270
https://www.ajio.com/leriya-fashion-women-regular-fit-floral-print-shirt/p/700069185_beige,Women Regular Fit Floral Print Shirt,LERIYA FASHION,690
https://www.ajio.com/gulmohar-jaipur-women-floral-print-fit--flare-dress-with-dupatta/p/467282230_yellow,Women Floral Print Fit & Flare Dress with Dupatta,GULMOHAR JAIPUR,810
https://www.ajio.com/pink-fort-striped-round-neck-top/p/464110153_blue,Striped Round-Neck Top,PINK FORT,1164
https://www.ajio.com/fabrange-women-regular-fit-shirt-with-spread-collar/p/467333501_olive,Women Regular Fit Shirt with Spread Collar,FABRANGE,499
https://www.ajio.com/kimayra-women-printed-straight-kurta-set/p/466748155_pink,Women Printed Straight Kurta Set,Kimayra,814
https://www.ajio.com/dnmx-women-typographic-print-regular-fit-crew-neck-t-shirt/p/443049240_purple,Women Typographic Print Regular Fit Crew-Neck T-Shirt,DNMX,249
https://www.ajio.com/dnmx-women-typographic-print-boxy-fit-crew-neck-t-shirt/p/443037320_ltgreen,Women Typographic Print Boxy Fit Crew-Neck T-Shirt,DNMX,249
https://www.ajio.com/shahveer-creation-women-printed-shirt-with-trousers/p/467260143_mustard,Women Printed Shirt with Trousers,Shahveer Creation,860
https://www.ajio.com/columbia-women-delta-ridge-down-jacket/p/466325370_purple,Women Delta Ridge Down Jacket,Columbia,9499
https://www.ajio.com/bestic-fashion-women-colourblock-hoodie-with-kangaroo-pocket/p/466679697_green,Women Colourblock Hoodie with Kangaroo Pocket,BESTIC FASHION,495
https://www.ajio.com/ahika-women-printed-straight-kurta-with-pants--dupatta/p/700066931_maroon,Women Printed Straight Kurta with Pants & Dupatta,AHIKA,1020
https://www.ajio.com/canibani-women-floral-print-straight-kurta-set/p/700048414_white,Women Floral Print Straight Kurta Set,CaniBani,1104
https://www.ajio.com/avaasa-mix-n-match-ankle-length-leggings-with-elasticated-waist/p/441020957_red,Ankle-Length Leggings with Elasticated Waist,AVAASA MIX N' MATCH,299
https://www.ajio.com/amira-s-indian-ethnic-wear-women-straight-fit-palazzos/p/467007217_cream,Women Straight Fit Palazzos,Amira's Indian Ethnic Wear,390
https://www.ajio.com/columbia-women-labyrinth-loop-jacket/p/466325401_blue,Women Labyrinth Loop Jacket,Columbia,12349
https://www.ajio.com/avaasa-mix-n-match-ankle-length-leggings-with-elasticated-waist/p/441020957_turquiose,Ankle-Length Leggings with Elasticated Waist,AVAASA MIX N' MATCH,299
https://www.ajio.com/avaasa-mix-n-match-women-foil-print-straight-kurta/p/443041299_magenta,Women Foil Print Straight Kurta,AVAASA MIX N' MATCH,799
https://www.ajio.com/mojilaa-women-embroidered-straight-kurta-set/p/467144741_bronze,Women Embroidered Straight Kurta Set,MOJILAA,4549
https://www.ajio.com/anandita-embroidered-flared-kurta/p/466444707_teal,Embroidered Flared Kurta,ANANDITA,600
https://www.ajio.com/kotty-high-rise-front-pleated-pants-/p/466192294_black,High-Rise Front-Pleated Pants ,KOTTY,360
https://www.ajio.com/fable-street-livin-high-rise-trousers-with-elasticated-waist/p/467015789_beige,LivIn High-Rise Trousers with Elasticated Waist,Fable Street,1967
https://www.ajio.com/diktmark-embroidered-a-line-kurta/p/466525532_white,Embroidered A-Line Kurta,Diktmark,525
https://www.ajio.com/nobarr-women-high-neck-shift-dress/p/700146036_black,Women High-Neck Shift Dress,Nobarr,930
https://www.ajio.com/leriya-fashion-women-floral-print-regular-fit-shirt/p/700044746_purple,Women Floral Print Regular Fit Shirt,LERIYA FASHION,690
https://www.ajio.com/gulmohar-jaipur-floral-print-v-neck-straight-kurta/p/465784206_indigo,Floral Print V-Neck Straight Kurta,GULMOHAR JAIPUR,573
https://www.ajio.com/gulmohar-jaipur-floral-flared-kurta-set/p/465514841_black,Floral Flared Kurta Set,GULMOHAR JAIPUR,1368
https://www.ajio.com/fable-street-cuffed-sleeves-top-with-v-neck/p/461178513_blue,Cuffed Sleeves Top with V Neck,Fable Street,1383
https://www.ajio.com/neudis-women-straight-fit-pants-with-drawstring-waist/p/466853941_green,Women Straight Fit Pants with Drawstring Waist,NEUDIS,450
https://www.ajio.com/avaasa-mix-n-match-ankle-length-leggings-with-elasticated-waist/p/441020957_maroonburg,Ankle-Length Leggings with Elasticated Waist,AVAASA MIX N' MATCH,299
https://www.ajio.com/gufrina-printed-2-piece-shirt-with-trousers-set/p/467114614_white,Printed 2-Piece Shirt with Trousers Set,GUFRINA,754
https://www.ajio.com/beelee-typs-tie--dye-t-shirt--pyjamas-set/p/466540335_black,Tie & Dye T-Shirt & Pyjamas Set,Beelee Typs,584
https://www.ajio.com/ivoc-women-relaxed-fit-cargo-pants/p/467050605_grey,Women Relaxed Fit Cargo Pants,IVOC,1280
https://www.ajio.com/fable-street-high-rise-wide-leg-pants/p/461855351_olive,High Rise Wide Leg Pants,Fable Street,1821
https://www.ajio.com/berrylicious-women-printed-straight-kurta-with-pants--dupatta-set/p/467030701_blue,Women Printed Straight Kurta with Pants & Dupatta Set,BERRYLICIOUS,750
https://www.ajio.com/max-women-embroidered-relaxed-fit-palazzos-with-elasticated-waistband/p/466796953_offwhite,Women Embroidered Relaxed Fit Palazzos with Elasticated Waistband,MAX,479
https://www.ajio.com/fig-women-regular-fit-flat-front-trousers/p/443050688_brown,Women Regular Fit Flat-Front Trousers,Fig,599
https://www.ajio.com/ichaa-ikat-print-top--pyjamas-set-/p/466509086_maroon,Ikat Print Top & Pyjamas Set ,ICHAA,537
https://www.ajio.com/saabhi-floral-print-a-line-kurta-set/p/466393452_blue,Floral Print A-Line Kurta Set,SAABHI,999
https://www.ajio.com/global-republic-textured-bodycon-dress/p/465457049_yellow,Textured Bodycon Dress,GLOBAL REPUBLIC,1248
https://www.ajio.com/dnmx-women-typographic-print-regular-fit-crew-neck-t-shirt/p/443049239_pink,Women Typographic Print Regular Fit Crew-Neck T-Shirt,DNMX,249
https://www.ajio.com/gulmohar-jaipur-bandhani-print-flared-kurta/p/466406540_green,Bandhani Print Flared Kurta,GULMOHAR JAIPUR,780
https://www.ajio.com/fig-pack-of-3-stretch-cotton-mid-rise-bikini-panty/p/443023978_multi2,Pack of 3 Stretch Cotton Mid Rise Bikini Panty,Fig,229
https://www.ajio.com/fig-pack-of-3-stretch-cotton-mid-rise-bikini-panty/p/443023978_multi2,Pack of 3 Stretch Cotton Mid Rise Bikini Panty,Fig,229
https://www.ajio.com/amira-s-indian-ethnic-wear-women-straight-fit-flat-front-trousers/p/467213239_offwhite,Women Straight Fit Flat-Front Trousers,Amira's Indian Ethnic Wear,390
https://www.ajio.com/global-republic-women-ruched-regular-fit-top/p/467334432_purple,Women Ruched Regular Fit Top,GLOBAL REPUBLIC,759
https://www.ajio.com/fery-london-women-floral-print-regular-fit-shirt/p/467311831_green,Women Floral Print Regular Fit shirt,Fery London,440
https://www.ajio.com/mizaz-women-floral-print-flared-kurta-with-dupatta/p/700120726_blue,Women Floral Print Flared Kurta with Dupatta,Mizaz,1110
https://www.ajio.com/fusionic-women-printed-anarkali-kurta-with-dupatta/p/466583447_green,Women Printed Anarkali Kurta with Dupatta,FUSIONIC,1722
https://www.ajio.com/avaasa-mix-n-match-ankle-length-leggings-with-elasticated-waist/p/441020957_pink,Ankle-Length Leggings with Elasticated Waist,AVAASA MIX N' MATCH,299
https://www.ajio.com/wuxi-mid-rise-trousers-with-elasticated-waist/p/467078020_white,Mid-Rise Trousers with Elasticated Waist,WUXI,360
https://www.ajio.com/fable-street-v-neck-top-with-tie-up-sleeves/p/464051255_red,V-neck Top with Tie-Up Sleeves,Fable Street,1383
https://www.ajio.com/nehu-empires-women-floral-print-flared-kurta/p/467093448_aqua,Women Floral Print Flared Kurta,Nehu Empires,555
https://www.ajio.com/maai-we-complete-you-women-floral-straight-kurta-with-scoop-neck/p/700024900_blue,Women Floral Straight Kurta with Scoop Neck,MAAI WE COMPLETE YOU,480
https://www.ajio.com/kotty-lightly-washed-relaxed-jeans/p/463940055_blue,Lightly Washed Relaxed Jeans,KOTTY,560
https://www.ajio.com/adbucks-women-regular-fit-straight-jeans-with-insert-pockets/p/465898003_beige,Women Regular Fit Straight Jeans with Insert Pockets,ADBUCKS,940
https://www.ajio.com/purvija-kurties-embroidered-flared-kurta/p/466595419_maroon,Embroidered Flared Kurta,PURVIJA KURTIES,624
https://www.ajio.com/global-republic-floral-print-sheath-dress/p/466176299_black,Floral Print Sheath Dress,GLOBAL REPUBLIC,1287
https://www.ajio.com/neudis-v-neck-blouson-top-with-cap-sleeves/p/466442686_wine,V-Neck Blouson Top with Cap Sleeves,NEUDIS,330
https://www.ajio.com/dnmx-women-mid-rise-skinny-fit-jeans/p/441147348_jetblack,Women Mid-Rise Skinny Fit Jeans,DNMX,699
https://www.ajio.com/fig-cotton-skinny-fit-pants/p/443001088_ltbrown,Cotton Skinny Fit Pants,Fig,300
https://www.ajio.com/yousta-women-striped-oversized-fit-shirt/p/442600253_pink,Women Striped Oversized Fit Shirt,YOUSTA,599
https://www.ajio.com/jockey-1406-high-coverage-super-combed-cotton-mid-waist-hipster-with-concealed-waistband-and-stay-fresh-treatment/p/440036922_dkmulti,1406 High Coverage Super Combed Cotton Mid Waist Hipster with Concealed Waistband and Stay Fresh Treatment,Jockey,549
https://www.ajio.com/pink-fort-a-line-kurta--palazzos-set-/p/464574160_pink,A-line Kurta & Palazzos Set ,PINK FORT,3073
https://www.ajio.com/antaran-women-floral-print-fit--flared-dress/p/467037374_blue,Women Floral Print Fit & Flared Dress,Antaran,840
https://www.ajio.com/ichaa-women-leaf-print-top--pyjamas-set/p/467052139_pink,Women Leaf Print Top & Pyjamas Set,ICHAA,537
https://www.ajio.com/sheetal-associates-women-square-neck-a-line-dress/p/466903783_mauve,Women Square-Neck A-Line Dress,SHEETAL ASSOCIATES,400
https://www.ajio.com/leriya-fashion-women-regular-fit-crop-shirt/p/700037240_white,Women Regular Fit Crop Shirt,LERIYA FASHION,690
https://www.ajio.com/piyuti-women-embroidered-straight-kurta-set/p/700113576_aqua,Women Embroidered Straight Kurta Set,Piyuti,874
https://www.ajio.com/pink-fort-geometric-print-top/p/466312653_pink,Geometric Print Top,PINK FORT,1596
https://www.ajio.com/ives-floral-print-straight-kurta-set/p/465635858_grey,Floral Print Straight Kurta Set,Ives,560
https://www.ajio.com/zivame-non-wired-non-padded-bra/p/700101060_white,Non-Wired Non-Padded Bra,Zivame,189
https://www.ajio.com/hetvi-creation-printed-straight-kurta-set/p/466563134_olive,Printed Straight Kurta Set,Hetvi Creation,957
https://www.ajio.com/gulmohar-jaipur-floral-print-flared-kurta/p/466944391_peach,Floral Print Flared Kurta,GULMOHAR JAIPUR,860
https://www.ajio.com/nehamta-block-print-straight-kurta-set/p/461343676_white,Block Print Straight Kurta Set,NEHAMTA,824
https://www.ajio.com/columbia-women-silver-ridge-2-0-long-sleeve-shirt/p/466325752_blue,Women Silver Ridge 2.0 Long Sleeve Shirt,Columbia,3324
https://www.ajio.com/aask-women-chevron-pattern-fit--flare-dress/p/466877358_white,Women Chevron Pattern Fit & Flare Dress,AASK,857
https://www.ajio.com/skytara-women-embellished-gown-dress/p/466835772_peach,Women Embellished Gown Dress,SKYTARA,600
https://www.ajio.com/clovia-cotton-t-shirt--pyjamas-set/p/464451143_purple,Cotton T-shirt & Pyjamas Set,Clovia,946
https://www.ajio.com/gulmohar-jaipur-women-paisley-print-straight-kurta/p/466742051_green,Women Paisley Print Straight Kurta,GULMOHAR JAIPUR,592
https://www.ajio.com/saabhi-women-floral-print-straight-kurta-suit-set/p/467336350_blue,Women Floral Print Straight Kurta Suit Set,SAABHI,1389
https://www.ajio.com/pink-fort-block-print-shirt-with-spread-collar/p/466331751_blue,Block-Print Shirt with Spread Collar,PINK FORT,1996
https://www.ajio.com/leriya-fashion-women-striped-a-line-dress/p/467308390_pink,Women Striped A-Line Dress,LERIYA FASHION,690
https://www.ajio.com/rio-women-side-zipper-treggings/p/443024084_jetblack,Women Side Zipper Treggings,RIO,899
https://www.ajio.com/youthnic-women-embroidered-a-line-kurta/p/466905063_blue,Women Embroidered A-Line Kurta,YOUTHNIC,431
https://www.ajio.com/only-flared-leggings-with-zip-closure/p/469419961_black,Flared Leggings with Zip Closure,ONLY,1250
https://www.ajio.com/clafoutis-women-loose-fit-v-neck-t-shirt-/p/467342369_white,Women Loose Fit V-Neck T-Shirt ,CLAFOUTIS,375
https://www.ajio.com/pink-fort-colourblock-a-line-dress/p/466451737_yellow,Colourblock A-Line Dress,PINK FORT,2637
https://www.ajio.com/only-flared-leggings-with-zip-closure/p/469419961_black,Flared Leggings with Zip Closure,ONLY,1250
https://www.ajio.com/clafoutis-women-loose-fit-v-neck-t-shirt-/p/467342369_white,Women Loose Fit V-Neck T-Shirt ,CLAFOUTIS,375
https://www.ajio.com/fashion-2-wear-floral-print-georgette-fit--flare-dress/p/466302538_blue,Floral Print Georgette Fit & Flare Dress,Fashion 2 Wear,675
https://www.ajio.com/fusionic-floral-print-anarkali-kurta-with-pants--dupatta/p/466583447_cream,Floral Print Anarkali Kurta with Pants & Dupatta,FUSIONIC,1722
https://www.ajio.com/diktmark-women-embroidered-regualr-fit-top/p/700180886_offwhite,Women Embroidered Regualr Fit Top,Diktmark,525
https://www.ajio.com/fable-street-livin-high-rise-wide-leg-pants/p/464688888_black,LivIn High-Rise Wide Leg Pants,Fable Street,2171
https://www.ajio.com/japnaam-embroidered-straight-kurta-set/p/466432999_yellow,Embroidered Straight Kurta Set,Japnaam,1369
https://www.ajio.com/berrylicious-chevron-print-straight-kurta-with-pants--dupatta/p/700112301_green,Chevron Print Straight Kurta with Pants & Dupatta,BERRYLICIOUS,812
https://www.ajio.com/avaasa-mix-n-match-ankle-length-leggings-with-elasticated-waist/p/441020957_navy,Ankle-Length Leggings with Elasticated Waist,AVAASA MIX N' MATCH,299
https://www.ajio.com/fashion-booms-women-relaxed-fit-trousers-with-elasticated-waist/p/467350437_black,Women Relaxed Fit Trousers with Elasticated Waist,FASHION BOOMS,480
https://www.ajio.com/berrylicious-printed-straight-kurta-set/p/466915872_grey,Printed Straight Kurta Set,BERRYLICIOUS,651
https://www.ajio.com/columbia-women-delta-ridge-down-jacket/p/466325370_red,Women Delta Ridge Down Jacket,Columbia,9499
https://www.ajio.com/light-daisy-printed-nightwear-set/p/466303501_navy,Printed Nightwear Set,Light Daisy,649
https://www.ajio.com/ichaa-women-floral-print-top--pyjamas-nightwear-set/p/467343453_wine,Women Floral Print Top & Pyjamas Nightwear Set,ICHAA,529
https://www.ajio.com/kotty-high-rise-bootcut-jeans/p/465343289_black,High-Rise Bootcut Jeans,KOTTY,560
https://www.ajio.com/zivame-camisole-with-lace-detail/p/461410049_black,Camisole with Lace Detail,Zivame,180
https://www.ajio.com/zheia-women-high-rise-relaxed-fit-jeans/p/466827135_black,Women High Rise Relaxed Fit Jeans,ZHEIA,1035
https://www.ajio.com/pink-fort-striped-a-line-kurta-set/p/464567848_green,Striped A-line Kurta Set,PINK FORT,3062
https://www.ajio.com/teamspirit-women-track-pants-with-contrast-side-taping/p/441001504_olive,Women Track Pants with Contrast Side Taping,Teamspirit,399
https://www.ajio.com/fashor-women-floral-print-a-line-kurta--pants-with-dupatta/p/700211358_mustard,Women Floral Print A-Line Kurta & Pants with Dupatta,Fashor,1968
https://www.ajio.com/berkho-women-floral-print-straight-kurta-/p/700097258_maroon,Women Floral Print Straight Kurta ,BERKHO,384
https://www.ajio.com/leriya-fashion-spread-collar-shirt-with-short-sleeves/p/700037234_beige,Spread Collar Shirt with Short Sleeves,LERIYA FASHION,690
https://www.ajio.com/fashion-booms-straight-fit-flat-front-trousers/p/466372693_black,Straight Fit Flat-Front Trousers,FASHION BOOMS,348
https://www.ajio.com/pink-fort-striped-a-line-kurta-set/p/466544352_white,Striped A-Line Kurta Set,PINK FORT,2947
https://www.ajio.com/jockey-1582-super-combed-cotton-elastane-stretch-slip-on-crop-top-with-stay-fresh-treatment/p/469019550_skin,1582 Super Combed Cotton Elastane Stretch Slip-On Crop Top with Stay Fresh Treatment,Jockey,339
https://www.ajio.com/sheetal-associates-women-floral-print-fit--flare-dress/p/467272911_blue,Women Floral Print Fit & Flare Dress,SHEETAL ASSOCIATES,400
https://www.ajio.com/dishwa-fashion-women-embroidered-a-line-kurta/p/467073724_teal,Women Embroidered A-Line Kurta,DISHWA FASHION,675
https://www.ajio.com/leriya-fashion-women-striped-a-line-dress/p/467308390_blue,Women Striped A-Line Dress,LERIYA FASHION,690
https://www.ajio.com/leriya-fashion-women-striped-a-line-dress/p/467308390_black,Women Striped A-Line Dress,LERIYA FASHION,690
https://www.ajio.com/fable-street-women-mid-rise-tapered-fit-trousers/p/467077428_black,Women Mid-Rise Tapered Fit Trousers,Fable Street,2097
https://www.ajio.com/buynewtrend-high-rise-straight-fit-cargo-pants/p/467305060_black,High-Rise Straight Fit Cargo Pants,BUYNEWTREND,518
https://www.ajio.com/divyadham-textiles-women-floral-print-tunic--pants-co-ord-set/p/467339573_maroon,Women Floral Print Tunic & Pants Co-Ord Set,Divyadham Textiles,800
https://www.ajio.com/fig-pack-of-3-stretch-cotton-mid-rise-bikini-panty/p/443023978_multi1,Pack of 3 Stretch Cotton Mid Rise Bikini Panty,Fig,229
https://www.ajio.com/deklook-women-floral-print-a-line-dress/p/700113214_purple,Women Floral Print A-Line Dress,DEKLOOK,419
https://www.ajio.com/ruvi-women-printed-anarkali-kurta-set/p/467121297_blue,Women Printed Anarkali Kurta Set,Ruvi,800
https://www.ajio.com/fable-street-overlap-skorts-with-insert-pockets/p/465951850_black,Overlap Skorts with Insert Pockets,Fable Street,1821
https://www.ajio.com/campus-sutra-ribbed-hem-hooded-jacket/p/465144885_black,Ribbed Hem Hooded Jacket,Campus Sutra,924
https://www.ajio.com/nyrika-women-paisley-print-anarkali-kurta-with-dupatta/p/467141980_maroon,Women Paisley Print Anarkali Kurta with Dupatta,Nyrika,960
https://www.ajio.com/prebloom-women-embroidered-straight-kurta-set/p/467220562_brown,Women Embroidered Straight Kurta Set,Prebloom,1155
https://www.ajio.com/canibani-women-embellished-straight-kurta/p/467343156_black,Women Embellished Straight Kurta,CaniBani,445
https://www.ajio.com/gulmohar-jaipur-women-floral-print-round-neck-flared-kurta/p/466925461_navy,Women Floral Print Round-Neck Flared Kurta,GULMOHAR JAIPUR,860
https://www.ajio.com/fable-street-floral-print-top-with-v-neck/p/463817955_orange,Floral Print Top with V-neck,Fable Street,1456
https://www.ajio.com/zivame-push-up-wired-medium-coverage-t-shirt-bra/p/465070691_brown,Push-Up Wired Medium Coverage T-Shirt Bra,Zivame,284
https://www.ajio.com/rio-basic-women-underskirt-slim-fit-shorts/p/443042305_jetblack,Women Underskirt Slim Fit Shorts,RIO BASIC,199
https://www.ajio.com/kimayra-floral-print-flared-kurta-with-palazzos--dupatta/p/700021201_maroon,Floral Print Flared Kurta with Palazzos & Dupatta,Kimayra,1295
